<screen require-authentication="anonymous-all">
    <transition name="findTutorial">
        <default-response url="."/></transition>
    <transition name="createTutorial">
        <!-- <service-call name="create#tutorial.Tutorial"/> -->
        <service-call name="tutorial.TutorialServices.create#Tutorial"/>
        <default-response url="."/>
    </transition>

    <actions>
        <entity-find entity-name="tutorial.Tutorial" list="tutorialList">
            <search-form-inputs/></entity-find>
    </actions>
    <widgets>
        <container-dialog id="CreateTutorialDialog" button-text="Create Tutorial">
            <form-single name="CreateTutorial" transition="createTutorial">
                <auto-fields-entity entity-name="tutorial.Tutorial" field-type="edit"/>
                <field name="submitButton">
                    <default-field title="Create"><submit/></default-field>
                </field>
            </form-single>
        </container-dialog>

        <form-list name="ListTutorials" list="tutorialList" transition="findTutorial">
            <auto-fields-entity entity-name="tutorial.Tutorial" field-type="display"/>
            <field name="description">
                <header-field show-order-by="true">
                    <text-find hide-options="true"/></header-field>
                <default-field><display/></default-field>
            </field>
            <field name="find">
                <header-field><submit/></header-field>
            </field>
        </form-list>
    </widgets>
</screen>
