<services>
    <!--
    <service verb="create" noun="Tutorial" type="entity-auto">
        <in-parameters><auto-parameters include="all"/></in-parameters>
        <out-parameters>
            <auto-parameters include="pk" required="true"/>
        </out-parameters>
    </service>
    <service verb="create" noun="Tutorial" type="inline">
        <in-parameters><auto-parameters include="all"/></in-parameters>
        <out-parameters>
            <auto-parameters include="pk" required="true"/>
        </out-parameters>
        <actions>
            <entity-make-value entity-name="tutorial.Tutorial" value-field="tutorial"/>
            <entity-set value-field="tutorial" include="all"/>
            <if condition="!tutorial.tutorialId">
                <entity-sequenced-id-primary value-field="tutorial"/>
            </if>
            <entity-create value-field="tutorial"/>
        </actions>
    </service>
    -->

    <service verb="create" noun="Tutorial" type="script"
            location="component://tutorial/script/tutorial/createTutorial.groovy">
        <in-parameters><auto-parameters include="all"/></in-parameters>
        <out-parameters>
            <auto-parameters include="pk" required="true"/>
        </out-parameters>
    </service>
</services>
